 {
 "content": [
				{
					"type":"cms_image",
					"urlName":"urlname",
					"status":"Published",
					"body": {
							"title" : "B-C-COFMAC-001",
							"altText" : "",
							"thumbUrl":"https://live.staticflickr.com/65535/49816090811_622af115a8.jpg",
							"source" : {
												"url": "https://live.staticflickr.com/65535/49816090811_622af115a8.jpg"}
							}
							
				},
				{
					"type":"cms_image",
					"urlName":"urlname",
					"status":"Published",
					"body": {
							"title" : "ID-CAP-II",
							"altText" : "",
							"thumbUrl":"https://live.staticflickr.com/65535/49815556148_6fe38ee8b8.jpg",
							"source" : {
												"url": "https://live.staticflickr.com/65535/49815556148_6fe38ee8b8.jpg"}
							}
							
				},
				{
					"type":"cms_image",
					"urlName":"urlname",
					"status":"Published",
					"body": {
							"title" : "ID-CAP-III",
							"altText" : "",
							"thumbUrl":"https://live.staticflickr.com/65535/49816094206_6a69b39ca0.jpg",
							"source" : {
										"url": "https://live.staticflickr.com/65535/49816094206_6a69b39ca0.jpg"}
						}
								
				},
				{
					"type":"cms_image",
					"urlName":"urlname",
					"status":"Published",
					"body": {
						"title" : "CERCG-1",
						"altText" : "",
						"thumbUrl":"https://live.staticflickr.com/65535/49815557368_88575109ac.jpg",
						"source" : {
											"url": "https://live.staticflickr.com/65535/49815557368_88575109ac.jpg"}
						}
									
				},
				{
					"type":"cms_image",
					"urlName":"urlname",
					"status":"Published",
					"body": {
						"title" : "CERCG-1-1",
						"altText" : "",
						"thumbUrl":"https://live.staticflickr.com/65535/49815557368_88575109ac.jpg",
						"source" : {
											"url": "https://live.staticflickr.com/65535/49815557368_88575109ac.jpg"}
					}
				},
				{
					"type":"cms_image",
					"urlName":"urlname",
					"status":"Published",
					"body": {
						"title" : "CREV-DR-BLEND",
						"altText" : "",
						"thumbUrl":"https://live.staticflickr.com/65535/49815597698_3162f252dd.jpg",
						"source" : {
										"url": "https://live.staticflickr.com/65535/49815597698_3162f252dd.jpg"}
					}
				},
				{
					"type":"cms_image",
					"urlName":"urlname",
					"status":"Published",
					"body": {
						"title" : "ID-PEM",
						"altText" : "",
						"thumbUrl":"https://live.staticflickr.com/65535/49816402087_b59c2874a9.jpg",
						"source" : {
											"url": "https://live.staticflickr.com/65535/49816402087_b59c2874a9.jpg"}
						}
				},
				{
					"type":"cms_image",
					"urlName":"urlname",
					"status":"Published",
					"body": {
						"title" : "ID-PEM1",
						"altText" : "",
						"thumbUrl":"https://live.staticflickr.com/65535/49816402057_55ef0791fe.jpg",
						"source" : {
											"url": "https://live.staticflickr.com/65535/49816402057_55ef0791fe.jpg"}
						}
				},
				{
					"type":"cms_image",
					"urlName":"urlname",
					"status":"Published",
					"body": {
						"title" : "CM-MSB-300",
						"altText" : "",
						"thumbUrl":"https://live.staticflickr.com/65535/49815608848_167ffa7a7c.jpg",
						"source" : {
											"url": "https://live.staticflickr.com/65535/49815608848_167ffa7a7c.jpg"}
										}
				},
				{
					"type":"cms_image",
					"urlName":"urlname",
					"status":"Published",
					"body": {
						"title" : "CL-DR-BB",
						"altText" : "",
						"thumbUrl":"https://live.staticflickr.com/65535/49815611213_be16eccb4a.jpg",
						"source" : {
											"url": "https://live.staticflickr.com/65535/49815611213_be16eccb4a.jpg"}
										}
				},
				{
					"type":"cms_image",
					"urlName":"urlname",
					"status":"Published",
					"body": {
						"title" : "DRW-1",
						"altText" : "",
						"thumbUrl":"https://live.staticflickr.com/65535/49815620728_7f044d531b.jpg",
						"source" : {
											"url": "https://live.staticflickr.com/65535/49815620728_7f044d531b.jpg"}
										}
				},
				{
					"type":"cms_image",
					"urlName":"urlname",
					"status":"Published",
					"body": {
						"title" : "EM-ESP-001",
						"altText" : "",
						"thumbUrl":"https://live.staticflickr.com/65535/49816167746_3f05bc3589.jpg",
						"source" : {
											"url": "https://live.staticflickr.com/65535/49816167746_3f05bc3589.jpg"}
										}
				},
				{
					"type":"cms_image",
					"urlName":"urlname",
					"status":"Published",
					"body": {
						"title" : "CF-1",
						"altText" : "",
						"thumbUrl":"https://live.staticflickr.com/65535/49815590053_5f1407d0df.jpg",
						"source" : {
											"url": "https://live.staticflickr.com/65535/49815590053_5f1407d0df.jpg"}
										}
				},
				{
					"type":"cms_image",
					"urlName":"urlname",
					"status":"Published",
					"body": {
						"title" : "E-ESP-001",
						"altText" : "",
						"thumbUrl":"https://live.staticflickr.com/65535/49815637818_d892f8127d.jpg",
						"source" : {
											"url": "https://live.staticflickr.com/65535/49815637818_d892f8127d.jpg"}
										}
				},
				{
					"type":"cms_image",
					"urlName":"urlname",
					"status":"Published",
					"body": {
						"title" : "ESP-001",
						"altText" : "",
						"thumbUrl":"https://live.staticflickr.com/65535/49815637818_d892f8127d.jpg",
						"source" : {
											"url": "https://live.staticflickr.com/65535/49815637818_d892f8127d.jpg"}
										}
				},
				{
					"type":"cms_image",
					"urlName":"urlname",
					"status":"Published",
					"body": {
						"title" : "ESP-IOT-1",
						"altText" : "",
						"thumbUrl":"https://live.staticflickr.com/65535/49815642433_5c7f044b1a.jpg",
						"source" : {
											"url": "https://live.staticflickr.com/65535/49815642433_5c7f044b1a.jpg"}
										}
				},
				{
					"type":"cms_image",
					"urlName":"urlname",
					"status":"Published",
					"body": {
						"title" : "GDG-1",
						"altText" : "",
						"thumbUrl":"https://live.staticflickr.com/65535/49816492262_13ae5d8987.jpg",
						"source" : {
											"url": "https://live.staticflickr.com/65535/49816492262_13ae5d8987.jpg"}
										}
				},
				{
					"type":"cms_image",
					"urlName":"urlname",
					"status":"Published",
					"body": {
						"title" : "CP-3",
						"altText" : "",
						"thumbUrl":"https://live.staticflickr.com/65535/49815648313_65c5f997f9.jpg",
						"source" : {
											"url": "https://live.staticflickr.com/65535/49815648313_65c5f997f9.jpg"}
										}
				},
				{
					"type":"cms_image",
					"urlName":"urlname",
					"status":"Published",
					"body": {
						"title" : "CCG-1",
						"altText" : "",
						"thumbUrl":"https://live.staticflickr.com/65535/49816190331_69abb45c7a.jpg",
						"source" : {
											"url": "https://live.staticflickr.com/65535/49816190331_69abb45c7a.jpg"}
										}
				},
				{
					"type":"cms_image",
					"urlName":"urlname",
					"status":"Published",
					"body": {
						"title" : "CR-DEC",
						"altText" : "",
						"thumbUrl":"https://live.staticflickr.com/65535/49816192491_7df5da0050.jpg",
						"source" : {
											"url": "https://live.staticflickr.com/65535/49816192491_7df5da0050.jpg"}
										}
				},
				{
					"type":"cms_image",
					"urlName":"urlname",
					"status":"Published",
					"body": {
						"title" : "MRC-1",
						"altText" : "",
						"thumbUrl":"https://live.staticflickr.com/65535/49816505042_01bdffb0f7.jpg",
						"source" : {
											"url": "https://live.staticflickr.com/65535/49816505042_01bdffb0f7.jpg"}
										}
				},
				{
					"type":"cms_image",
					"urlName":"urlname",
					"status":"Published",
					"body": {
						"title" : "COF-FIL",
						"altText" : "",
						"thumbUrl":"https://live.staticflickr.com/65535/49816196506_1fe8c7a8e9.jpg",
						"source" : {
											"url": "https://live.staticflickr.com/65535/49816196506_1fe8c7a8e9.jpg"}
										}
				},
				{
					"type":"cms_image",
					"urlName":"urlname",
					"status":"Published",
					"body": {
						"title" : "CP-2",
						"altText" : "",
						"thumbUrl":"https://live.staticflickr.com/65535/49815687543_fdce955409.jpg",
						"source" : {
											"url": "https://live.staticflickr.com/65535/49815687543_fdce955409.jpg"}
										}
				},
				{
					"type":"cms_image",
					"urlName":"urlname",
					"status":"Published",
					"body": {
						"title" : "CP-2-1",
						"altText" : "",
						"thumbUrl":"https://live.staticflickr.com/65535/49815687558_0a60c68465.jpg",
						"source" : {
											"url": "https://live.staticflickr.com/65535/49815687558_0a60c68465.jpg"}
										}
				},
				{
					"type":"cms_image",
					"urlName":"urlname",
					"status":"Published",
					"body": {
						"title" : "CP-2-2",
						"altText" : "",
						"thumbUrl":"https://b2blightga11.my.salesforce.com/file-asset-public/coppercoffee3?oid=00DB0000000U1fw",
						"source" : {
											"url": "https://b2blightga11.my.salesforce.com/file-asset-public/coppercoffee3?oid=00DB0000000U1fw"}
										}
				},
				{
					"type":"cms_image",
					"urlName":"urlname",
					"status":"Published",
					"body": {
						"title" : "CP-2-3",
						"altText" : "",
						"thumbUrl":"https://live.staticflickr.com/65535/49815687578_f70109ee09.jpg",
						"source" : {
											"url": "https://live.staticflickr.com/65535/49815687578_f70109ee09.jpg"}
										}
				},
				{
					"type":"cms_image",
					"urlName":"urlname",
					"status":"Published",
					"body": {
						"title" : "CP-2-4",
						"altText" : "",
						"thumbUrl":"https://live.staticflickr.com/65535/49816223071_f6c677919a.jpg",
						"source" : {
											"url": "https://live.staticflickr.com/65535/49816223071_f6c677919a.jpg"}
										}
				},
				{
					"type":"cms_image",
					"urlName":"urlname",
					"status":"Published",
					"body": {
						"title" : "LRW-1",
						"altText" : "",
						"thumbUrl":"https://live.staticflickr.com/65535/49816508582_2d12a2d472.jpg",
						"source" : {
											"url": "https://live.staticflickr.com/65535/49816508582_2d12a2d472.jpg"}
										}
				},
				{
					"type":"cms_image",
					"urlName":"urlname",
					"status":"Published",
					"body": {
						"title" : "E-MR-B",
						"altText" : "",
						"thumbUrl":"https://live.staticflickr.com/65535/49816510377_8af46c5a37.jpg",
						"source" : {
											"url": "https://live.staticflickr.com/65535/49816510377_8af46c5a37.jpg"}
										}
				},
				{
					"type":"cms_image",
					"urlName":"urlname",
					"status":"Published",
					"body": {
						"title" : "TR-COFMAC-001",
						"altText" : "",
						"thumbUrl":"https://live.staticflickr.com/65535/49815666003_4973d84842.jpg",
						"source" : {
											"url": "https://live.staticflickr.com/65535/49815666003_4973d84842.jpg"}
										}
				},
				{
					"type":"cms_image",
					"urlName":"urlname",
					"status":"Published",
					"body": {
						"title" : "PS-DB",
						"altText" : "",
						"thumbUrl":"https://live.staticflickr.com/65535/49816513162_29ed8b43f6.jpg",
						"source" : {
											"url": "https://live.staticflickr.com/65535/49816513162_29ed8b43f6.jpg"}
										}
				},
				{
					"type":"cms_image",
					"urlName":"urlname",
					"status":"Published",
					"body": {
						"title" : "Q85YQ2",
						"altText" : "",
						"thumbUrl":"https://live.staticflickr.com/65535/49816204906_3a3d9a084d.jpg",
						"source" : {
											"url": "https://live.staticflickr.com/65535/49816204906_3a3d9a084d.jpg"}
										}
				},
				{
					"type":"cms_image",
					"urlName":"urlname",
					"status":"Published",
					"body": {
						"title" : "SS-DR-BB",
						"altText" : "",
						"thumbUrl":"https://live.staticflickr.com/65535/49816518222_0ca4162755.jpg",
						"source" : {
											"url": "https://live.staticflickr.com/65535/49816518222_0ca4162755.jpg"}
										}
				},
				{
					"type":"cms_image",
					"urlName":"urlname",
					"status":"Published",
					"body": {
						"title" : "CP-1",
						"altText" : "",
						"thumbUrl":"https://live.staticflickr.com/65535/49816218696_1bce317ed1.jpg",
						"source" : {
											"url": "https://live.staticflickr.com/65535/49816218696_1bce317ed1.jpg"}
										}
				},
				{
					"type":"cms_image",
					"urlName":"urlname",
					"status":"Published",
					"body": {
						"title" : "CP-1-1",
						"altText" : "",
						"thumbUrl":"https://live.staticflickr.com/65535/49815683218_ee5ac7f68e.jpg",
						"source" : {
											"url": "https://live.staticflickr.com/65535/49815683218_ee5ac7f68e.jpg"}
										}
				},
				{
					"type":"cms_image",
					"urlName":"urlname",
					"status":"Published",
					"body": {
						"title" : "CP-1-2",
						"altText" : "",
						"thumbUrl":"https://live.staticflickr.com/65535/49816218716_17018288cf.jpg",
						"source" : {
											"url": "https://live.staticflickr.com/65535/49816218716_17018288cf.jpg"}
										}
				},
				{
					"type":"cms_image",
					"urlName":"urlname",
					"status":"Published",
					"body": {
						"title" : "SSTC-1",
						"altText" : "",
						"thumbUrl":"https://live.staticflickr.com/65535/49816211076_e925877f3c.jpg",
						"source" : {
											"url": "https://live.staticflickr.com/65535/49816211076_e925877f3c.jpg"}
										}
				},
				{
					"type":"cms_image",
					"urlName":"urlname",
					"status":"Published",
					"body": {
						"title" : "TM-COFMAC-001",
						"altText" : "",
						"thumbUrl":"https://live.staticflickr.com/65535/49815681258_60a9657b7f.jpg",
						"source" : {
											"url": "https://live.staticflickr.com/65535/49815681258_60a9657b7f.jpg"}
										}
				},
				{
					"type":"cms_image",
					"urlName":"urlname",
					"status":"Published",
					"body": {
						"title" : "PS-EL",
						"altText" : "",
						"thumbUrl":"https://live.staticflickr.com/65535/49816523122_818e27042c.jpg",
						"source" : {
											"url": "https://live.staticflickr.com/65535/49816523122_818e27042c.jpg"}
										}
				},
				{
					"type":"cms_image",
					"urlName":"urlname",
					"status":"Published",
					"body": {
						"title" : "PS-EL-1",
						"altText" : "",
						"thumbUrl":"https://live.staticflickr.com/65535/49815677693_faba5422c4.jpg",
						"source" : {
											"url": "https://live.staticflickr.com/65535/49815677693_faba5422c4.jpg"}
										}
				},
				{
					"type": "cms_image",
					"urlName": "customer-coffee-logo",
					"status":"Published",
					"body": {
						"title": "Customer Coffee Logo",
						"altText": "Customer Coffee Logo",
						"source": {
							"ref": "customerCoffeeLogo.png"
						}
					}
				},
				{
					"type": "cms_image",
					"urlName": "coffee-machines",
					"status":"Published",
					"body": {
						"title": "Machines",
						"altText": "Coffee Machines",
						"source": {
							"ref": "coffee-machines.jpg"
						}
					}
				},
				{
					"type": "cms_image",
					"urlName": "coffee-beans",
					"status":"Published",
					"body": {
						"title": "Beans",
						"altText": "Coffe Beans",
						"source": {
							"ref": "coffee-beans.jpeg"
						}
					}
				},
				{
					"type": "cms_image",
					"urlName": "coffee-accessories",
					"status":"Published",
					"body": {
						"title": "Coffee Accessories",
						"altText": "Coffee Accessories",
						"source": {
							"ref": "coffee-accessories.jpg"
						}
					}
				},
				{
					"type": "cms_image",
					"urlName": "coffee-grinders",
					"status":"Published",
					"body": {
						"title": "Grinders",
						"altText": "Coffee Grinders",
						"source": {
							"ref": "coffee-grinders.jpeg"
						}
					}
				},
				{
					"type": "cms_image",
					"urlName": "santos-force",
					"status":"Published",
					"body": {
						"title": "SantosForce",
						"altText": "SantosForce",
						"source": {
							"ref": "santos-force.png"
						}
					}
				}
			]
 }
